geraet;ort;temperatur_c;zeitpunkt
dev-035;Pune;71,5;2026-03-01
dev-002;Pune;35,7;2026-03-02
dev-025;Pune;52,1;2026-03-03
dev-028;Pune;17,3;2026-03-04
dev-002;Pune;26,4;2026-03-05
dev-031;Pune;62,7;2026-03-06
dev-004;Pune;47,2;2026-03-07
dev-033;Pune;90,9;2026-03-08
dev-016;Pune;31,2;2026-03-09
dev-011;Pune;80,3;2026-03-10
dev-011;Pune;72,9;2026-03-11
dev-026;Pune;57,7;2026-03-12
dev-009;Pune;61,8;2026-03-13
dev-015;Pune;88,5;2026-03-14
dev-002;Pune;72,8;2026-03-15
dev-029;Pune;81,2;2026-03-16
dev-025;Pune;41,8;2026-03-17
dev-005;Pune;91,4;2026-03-18
dev-008;Pune;17,2;2026-03-19
dev-012;Pune;50,2;2026-03-20
dev-035;Pune;63,5;2026-03-21
dev-014;Pune;63,1;2026-03-22
dev-030;Pune;81,7;2026-03-23
dev-035;Pune;57,6;2026-03-24
dev-010;Pune;68,9;2026-03-25
dev-035;Pune;36,4;2026-03-26
dev-027;Pune;61,2;2026-03-27
dev-037;Pune;68,6;2026-03-28
dev-025;Pune;25,3;2026-03-01
dev-024;Pune;18,9;2026-03-02
dev-020;Pune;80,6;2026-03-03
dev-012;Pune;65,1;2026-03-04
dev-029;Pune;51,3;2026-03-05
dev-039;Pune;26,3;2026-03-06
dev-033;Pune;19,1;2026-03-07
dev-035;Pune;20,7;2026-03-08
dev-011;Pune;90,4;2026-03-09
dev-033;Pune;62,3;2026-03-10
dev-012;Pune;17,3;2026-03-11
dev-024;Pune;60,7;2026-03-12
dev-033;Pune;94,8;2026-03-13
dev-022;Pune;53,7;2026-03-14
dev-001;Pune;93,2;2026-03-15
dev-024;Pune;84,7;2026-03-16
dev-004;Pune;59,4;2026-03-17
dev-003;Pune;53,8;2026-03-18
dev-015;Pune;80,2;2026-03-19
dev-038;Pune;44,5;2026-03-20
dev-033;Pune;77,1;2026-03-21
dev-018;Pune;93,0;2026-03-22
dev-010;Pune;81,6;2026-03-23
dev-008;Pune;42,3;2026-03-24
dev-036;Pune;56,5;2026-03-25
dev-008;Pune;68,0;2026-03-26
dev-038;Pune;94,8;2026-03-27
dev-034;Pune;98,5;2026-03-28
dev-003;Pune;74,9;2026-03-01
dev-024;Pune;47,0;2026-03-02
dev-007;Pune;27,7;2026-03-03
dev-004;Pune;40,9;2026-03-04
dev-015;Pune;35,3;2026-03-05
dev-007;Pune;28,0;2026-03-06
dev-023;Pune;33,9;2026-03-07
dev-031;Pune;87,4;2026-03-08
dev-014;Pune;16,3;2026-03-09
dev-016;Pune;66,1;2026-03-10
dev-020;Pune;38,7;2026-03-11
dev-023;Pune;18,7;2026-03-12
dev-008;Pune;26,6;2026-03-13
dev-033;Pune;24,4;2026-03-14
dev-036;Pune;36,2;2026-03-15
dev-038;Pune;52,0;2026-03-16
dev-027;Pune;84,8;2026-03-17
dev-025;Pune;22,8;2026-03-18
dev-019;Pune;65,4;2026-03-19
dev-018;Pune;80,4;2026-03-20
dev-020;Pune;17,8;2026-03-21
dev-029;Pune;89,0;2026-03-22
dev-002;Pune;84,9;2026-03-23
dev-003;Pune;45,6;2026-03-24
dev-026;Pune;82,4;2026-03-25
dev-039;Pune;42,7;2026-03-26
dev-009;Pune;24,0;2026-03-27
dev-009;Pune;17,1;2026-03-28
dev-000;Pune;74,7;2026-03-01
dev-010;Pune;76,0;2026-03-02
dev-011;Pune;84,8;2026-03-03
dev-006;Pune;30,7;2026-03-04
dev-036;Pune;32,0;2026-03-05
dev-030;Pune;97,5;2026-03-06
dev-013;Pune;29,5;2026-03-07
dev-018;Pune;83,9;2026-03-08
dev-002;Pune;91,9;2026-03-09
dev-039;Pune;89,8;2026-03-10
dev-006;Pune;27,2;2026-03-11
dev-034;Pune;49,4;2026-03-12
dev-014;Pune;31,4;2026-03-13
dev-026;Pune;67,1;2026-03-14
dev-027;Pune;73,1;2026-03-15
dev-003;Pune;29,6;2026-03-16
dev-010;Pune;56,8;2026-03-17
dev-027;Pune;93,5;2026-03-18
dev-022;Pune;24,5;2026-03-19
dev-012;Pune;63,9;2026-03-20
dev-001;Pune;83,0;2026-03-21
dev-002;Pune;60,4;2026-03-22
dev-033;Pune;65,6;2026-03-23
dev-031;Pune;43,8;2026-03-24
dev-012;Pune;59,1;2026-03-25
dev-031;Pune;33,0;2026-03-26
dev-024;Pune;57,6;2026-03-27
dev-007;Pune;43,5;2026-03-28
dev-007;Pune;45,4;2026-03-01
dev-035;Pune;66,0;2026-03-02
dev-006;Pune;29,8;2026-03-03
dev-033;Pune;62,3;2026-03-04
dev-033;Pune;58,4;2026-03-05
dev-006;Pune;29,9;2026-03-06
dev-003;Pune;16,3;2026-03-07
dev-030;Pune;25,9;2026-03-08
dev-005;Pune;86,8;2026-03-09
dev-022;Pune;53,3;2026-03-10
dev-033;Pune;77,6;2026-03-11
dev-003;Pune;64,4;2026-03-12
dev-004;Pune;52,3;2026-03-13
dev-010;Pune;77,6;2026-03-14
dev-028;Pune;16,8;2026-03-15
dev-000;Pune;24,0;2026-03-16
dev-033;Pune;31,5;2026-03-17
dev-013;Pune;25,3;2026-03-18
dev-005;Pune;97,6;2026-03-19
dev-006;Pune;81,3;2026-03-20
dev-000;Pune;81,1;2026-03-21
dev-022;Pune;25,7;2026-03-22
dev-007;Pune;62,6;2026-03-23
dev-024;Pune;76,8;2026-03-24
dev-034;Pune;26,6;2026-03-25
dev-004;Pune;23,4;2026-03-26
dev-020;Pune;73,9;2026-03-27
dev-005;Pune;95,7;2026-03-28
dev-023;Pune;36,4;2026-03-01
dev-014;Pune;61,3;2026-03-02
dev-024;Pune;48,9;2026-03-03
dev-003;Pune;34,7;2026-03-04
dev-016;Pune;24,5;2026-03-05
dev-030;Pune;55,3;2026-03-06
dev-026;Pune;34,0;2026-03-07
dev-033;Pune;39,1;2026-03-08
dev-010;Pune;73,0;2026-03-09
dev-024;Pune;25,6;2026-03-10
dev-013;Pune;24,5;2026-03-11
dev-033;Pune;47,9;2026-03-12
dev-026;Pune;41,0;2026-03-13
dev-006;Pune;16,9;2026-03-14
dev-007;Pune;69,1;2026-03-15
dev-001;Pune;81,7;2026-03-16
dev-036;Pune;54,3;2026-03-17
dev-011;Pune;95,3;2026-03-18
dev-010;Pune;57,6;2026-03-19
dev-001;Pune;59,6;2026-03-20
dev-007;Pune;54,5;2026-03-21
dev-022;Pune;66,8;2026-03-22
dev-005;Pune;15,5;2026-03-23
dev-012;Pune;69,9;2026-03-24
dev-038;Pune;82,5;2026-03-25
dev-027;Pune;80,1;2026-03-26
dev-033;Pune;84,1;2026-03-27
dev-002;Pune;86,7;2026-03-28
dev-005;Pune;54,6;2026-03-01
dev-008;Pune;67,6;2026-03-02
dev-008;Pune;74,6;2026-03-03
dev-014;Pune;87,7;2026-03-04
dev-037;Pune;57,0;2026-03-05
dev-003;Pune;42,7;2026-03-06
dev-010;Pune;47,7;2026-03-07
dev-003;Pune;30,6;2026-03-08
dev-027;Pune;16,4;2026-03-09
dev-032;Pune;80,5;2026-03-10
dev-028;Pune;48,4;2026-03-11
dev-026;Pune;46,2;2026-03-12
dev-008;Pune;27,4;2026-03-13
dev-029;Pune;94,9;2026-03-14
dev-026;Pune;51,7;2026-03-15
dev-018;Pune;37,4;2026-03-16
dev-030;Pune;60,8;2026-03-17
dev-029;Pune;27,5;2026-03-18
dev-039;Pune;31,5;2026-03-19
dev-012;Pune;28,0;2026-03-20
dev-016;Pune;72,5;2026-03-21
dev-002;Pune;65,3;2026-03-22
dev-013;Pune;84,9;2026-03-23
dev-006;Pune;66,3;2026-03-24
dev-027;Pune;81,9;2026-03-25
dev-010;Pune;40,1;2026-03-26
dev-039;Pune;29,3;2026-03-27
dev-006;Pune;37,3;2026-03-28
dev-030;Pune;76,7;2026-03-01
dev-023;Pune;46,5;2026-03-02
dev-031;Pune;74,1;2026-03-03
dev-035;Pune;19,5;2026-03-04
dev-032;Pune;78,1;2026-03-05
dev-017;Pune;27,1;2026-03-06
dev-006;Pune;31,1;2026-03-07
dev-006;Pune;31,0;2026-03-08
dev-007;Pune;18,8;2026-03-09
dev-036;Pune;46,9;2026-03-10
dev-029;Pune;60,9;2026-03-11
dev-000;Pune;56,4;2026-03-12
dev-039;Pune;85,0;2026-03-13
dev-019;Pune;74,3;2026-03-14
dev-026;Pune;96,3;2026-03-15
dev-003;Pune;45,8;2026-03-16
dev-032;Pune;27,1;2026-03-17
dev-028;Pune;48,4;2026-03-18
dev-031;Pune;91,4;2026-03-19
dev-008;Pune;36,7;2026-03-20
dev-003;Pune;82,6;2026-03-21
dev-015;Pune;78,5;2026-03-22
dev-018;Pune;79,1;2026-03-23
dev-028;Pune;58,3;2026-03-24
dev-023;Pune;43,9;2026-03-25
dev-015;Pune;71,7;2026-03-26
dev-038;Pune;89,9;2026-03-27
dev-003;Pune;68,1;2026-03-28
dev-010;Pune;39,3;2026-03-01
dev-035;Pune;15,8;2026-03-02
dev-009;Pune;84,0;2026-03-03
dev-014;Pune;85,7;2026-03-04
dev-011;Pune;94,8;2026-03-05
dev-023;Pune;42,8;2026-03-06
dev-021;Pune;34,8;2026-03-07
dev-035;Pune;73,6;2026-03-08
dev-036;Pune;38,0;2026-03-09
dev-034;Pune;17,7;2026-03-10
dev-009;Pune;49,7;2026-03-11
dev-007;Pune;27,1;2026-03-12
dev-002;Pune;61,7;2026-03-13
dev-004;Pune;62,6;2026-03-14
dev-026;Pune;43,1;2026-03-15
dev-024;Pune;33,8;2026-03-16
dev-004;Pune;83,0;2026-03-17
dev-027;Pune;91,6;2026-03-18
dev-010;Pune;74,4;2026-03-19
dev-011;Pune;59,2;2026-03-20
dev-033;Pune;98,5;2026-03-21
dev-020;Pune;19,5;2026-03-22
dev-032;Pune;95,9;2026-03-23
dev-010;Pune;25,1;2026-03-24
dev-012;Pune;96,3;2026-03-25
dev-002;Pune;58,8;2026-03-26
dev-021;Pune;37,7;2026-03-27
dev-023;Pune;54,5;2026-03-28
dev-012;Pune;19,8;2026-03-01
dev-024;Pune;64,3;2026-03-02
dev-006;Pune;42,2;2026-03-03
dev-016;Pune;66,4;2026-03-04
dev-022;Pune;23,9;2026-03-05
dev-038;Pune;33,4;2026-03-06
dev-016;Pune;83,6;2026-03-07
dev-018;Pune;25,2;2026-03-08
dev-015;Pune;18,3;2026-03-09
dev-035;Pune;45,2;2026-03-10
dev-039;Pune;49,0;2026-03-11
dev-006;Pune;27,0;2026-03-12
dev-002;Pune;15,9;2026-03-13
dev-014;Pune;45,6;2026-03-14
dev-005;Pune;76,5;2026-03-15
dev-025;Pune;72,3;2026-03-16
dev-025;Pune;69,2;2026-03-17
dev-001;Pune;24,5;2026-03-18
dev-006;Pune;64,4;2026-03-19
dev-008;Pune;28,2;2026-03-20
dev-014;Pune;51,0;2026-03-21
dev-032;Pune;32,1;2026-03-22
dev-039;Pune;54,8;2026-03-23
dev-014;Pune;79,9;2026-03-24
dev-031;Pune;77,5;2026-03-25
dev-002;Pune;96,8;2026-03-26
dev-021;Pune;72,7;2026-03-27
dev-012;Pune;94,7;2026-03-28
dev-028;Pune;78,7;2026-03-01
dev-001;Pune;52,6;2026-03-02
dev-008;Pune;33,8;2026-03-03
dev-036;Pune;89,4;2026-03-04
dev-032;Pune;61,2;2026-03-05
dev-035;Pune;59,4;2026-03-06
dev-018;Pune;41,3;2026-03-07
dev-025;Pune;42,5;2026-03-08
dev-016;Pune;66,3;2026-03-09
dev-024;Pune;25,3;2026-03-10
dev-000;Pune;90,1;2026-03-11
dev-006;Pune;48,6;2026-03-12
dev-006;Pune;57,1;2026-03-13
dev-010;Pune;29,7;2026-03-14
dev-000;Pune;50,6;2026-03-15
dev-015;Pune;23,2;2026-03-16
dev-020;Pune;75,7;2026-03-17
dev-031;Pune;71,2;2026-03-18
dev-019;Pune;70,1;2026-03-19
dev-026;Pune;80,4;2026-03-20
dev-027;Pune;48,8;2026-03-21
dev-007;Pune;59,5;2026-03-22
dev-018;Pune;44,6;2026-03-23
dev-034;Pune;24,5;2026-03-24
dev-000;Pune;91,3;2026-03-25
dev-005;Pune;43,3;2026-03-26
dev-010;Pune;47,0;2026-03-27
dev-001;Pune;81,5;2026-03-28
dev-020;Pune;66,0;2026-03-01
dev-016;Pune;75,9;2026-03-02
dev-006;Pune;95,8;2026-03-03
dev-036;Pune;25,5;2026-03-04
dev-020;Pune;25,5;2026-03-05
dev-021;Pune;21,2;2026-03-06
dev-002;Pune;93,3;2026-03-07
dev-000;Pune;80,1;2026-03-08
dev-013;Pune;98,3;2026-03-09
dev-011;Pune;29,6;2026-03-10
dev-038;Pune;53,0;2026-03-11
dev-025;Pune;86,2;2026-03-12
dev-009;Pune;87,9;2026-03-13
dev-031;Pune;76,1;2026-03-14
dev-005;Pune;76,4;2026-03-15
dev-032;Pune;34,3;2026-03-16
dev-004;Pune;28,0;2026-03-17
dev-018;Pune;91,0;2026-03-18
dev-018;Pune;60,8;2026-03-19
dev-032;Pune;92,6;2026-03-20
dev-032;Pune;50,5;2026-03-21
dev-008;Pune;42,6;2026-03-22
dev-037;Pune;82,8;2026-03-23
dev-024;Pune;52,4;2026-03-24
dev-015;Pune;21,2;2026-03-25
dev-035;Pune;58,8;2026-03-26
dev-037;Pune;33,2;2026-03-27
dev-023;Pune;84,5;2026-03-28
dev-016;Pune;32,8;2026-03-01
dev-016;Pune;86,9;2026-03-02
dev-025;Pune;26,9;2026-03-03
dev-013;Pune;53,5;2026-03-04
dev-014;Pune;46,9;2026-03-05
dev-009;Pune;18,0;2026-03-06
dev-035;Pune;18,2;2026-03-07
dev-010;Pune;69,4;2026-03-08
dev-003;Pune;41,7;2026-03-09
dev-000;Pune;66,9;2026-03-10
dev-003;Pune;24,3;2026-03-11
dev-034;Pune;69,0;2026-03-12
dev-029;Pune;74,7;2026-03-13
dev-002;Pune;52,5;2026-03-14
dev-029;Pune;24,3;2026-03-15
dev-035;Pune;59,8;2026-03-16
dev-006;Pune;85,1;2026-03-17
dev-024;Pune;19,1;2026-03-18
dev-012;Pune;17,9;2026-03-19
dev-004;Pune;29,4;2026-03-20
dev-038;Pune;15,2;2026-03-21
dev-004;Pune;72,6;2026-03-22
dev-024;Pune;48,0;2026-03-23
dev-027;Pune;70,5;2026-03-24
dev-014;Pune;25,6;2026-03-25
dev-022;Pune;45,2;2026-03-26
dev-032;Pune;23,4;2026-03-27
dev-028;Pune;92,0;2026-03-28
dev-031;Pune;38,5;2026-03-01
dev-008;Pune;57,9;2026-03-02
dev-019;Pune;77,5;2026-03-03
dev-001;Pune;42,6;2026-03-04
dev-014;Pune;83,5;2026-03-05
dev-035;Pune;93,1;2026-03-06
dev-025;Pune;79,9;2026-03-07
dev-007;Pune;83,3;2026-03-08
dev-006;Pune;46,3;2026-03-09
dev-023;Pune;32,4;2026-03-10
dev-030;Pune;32,0;2026-03-11
dev-006;Pune;28,7;2026-03-12
dev-008;Pune;33,4;2026-03-13
dev-021;Pune;71,0;2026-03-14
dev-031;Pune;85,1;2026-03-15
dev-029;Pune;89,8;2026-03-16
dev-034;Pune;94,4;2026-03-17
dev-023;Pune;84,8;2026-03-18
dev-022;Pune;95,0;2026-03-19
dev-000;Pune;43,3;2026-03-20
dev-011;Pune;89,5;2026-03-21
dev-031;Pune;23,5;2026-03-22
dev-010;Pune;86,9;2026-03-23
dev-032;Pune;49,1;2026-03-24
dev-001;Pune;44,2;2026-03-25
dev-009;Pune;28,1;2026-03-26
dev-038;Pune;91,6;2026-03-27
dev-006;Pune;78,2;2026-03-28
dev-005;Pune;67,4;2026-03-01
dev-028;Pune;19,0;2026-03-02
dev-038;Pune;27,8;2026-03-03
dev-006;Pune;67,1;2026-03-04
dev-018;Pune;97,7;2026-03-05
dev-003;Pune;58,4;2026-03-06
dev-001;Pune;79,8;2026-03-07
dev-008;Pune;42,0;2026-03-08
dev-035;Pune;31,2;2026-03-09
dev-039;Pune;37,9;2026-03-10
dev-009;Pune;40,9;2026-03-11
dev-037;Pune;72,0;2026-03-12
dev-007;Pune;95,7;2026-03-13
dev-007;Pune;49,9;2026-03-14
dev-002;Pune;42,9;2026-03-15
dev-019;Pune;74,8;2026-03-16
dev-031;Pune;72,0;2026-03-17
dev-001;Pune;21,4;2026-03-18
dev-001;Pune;60,1;2026-03-19
dev-005;Pune;92,2;2026-03-20
dev-005;Pune;89,0;2026-03-21
dev-026;Pune;52,6;2026-03-22
dev-029;Pune;83,3;2026-03-23
dev-033;Pune;70,9;2026-03-24
dev-010;Pune;27,6;2026-03-25
dev-010;Pune;19,3;2026-03-26
dev-035;Pune;94,3;2026-03-27
dev-024;Pune;26,2;2026-03-28
dev-020;Pune;95,8;2026-03-01
dev-003;Pune;49,9;2026-03-02
dev-027;Pune;36,4;2026-03-03
dev-001;Pune;69,9;2026-03-04
dev-016;Pune;16,3;2026-03-05
dev-016;Pune;54,2;2026-03-06
dev-017;Pune;64,3;2026-03-07
dev-034;Pune;27,9;2026-03-08
dev-001;Pune;54,2;2026-03-09
dev-035;Pune;36,5;2026-03-10
dev-034;Pune;20,0;2026-03-11
dev-004;Pune;42,7;2026-03-12
dev-001;Pune;19,8;2026-03-13
dev-030;Pune;79,2;2026-03-14
dev-039;Pune;49,3;2026-03-15
dev-033;Pune;62,0;2026-03-16
dev-010;Pune;80,5;2026-03-17
dev-016;Pune;36,6;2026-03-18
dev-003;Pune;42,0;2026-03-19
dev-030;Pune;28,8;2026-03-20
dev-039;Pune;55,9;2026-03-21
dev-011;Pune;80,0;2026-03-22
dev-004;Pune;43,6;2026-03-23
dev-002;Pune;65,2;2026-03-24
dev-021;Pune;91,4;2026-03-25
dev-034;Pune;96,1;2026-03-26
dev-000;Pune;83,6;2026-03-27
dev-007;Pune;51,6;2026-03-28
dev-039;Pune;33,6;2026-03-01
dev-032;Pune;62,9;2026-03-02
dev-029;Pune;85,6;2026-03-03
dev-010;Pune;64,2;2026-03-04
dev-036;Pune;24,3;2026-03-05
dev-013;Pune;44,5;2026-03-06
dev-025;Pune;76,4;2026-03-07
dev-019;Pune;90,2;2026-03-08
dev-008;Pune;24,0;2026-03-09
dev-011;Pune;55,1;2026-03-10
dev-034;Pune;30,3;2026-03-11
dev-036;Pune;16,1;2026-03-12
dev-006;Pune;37,8;2026-03-13
dev-031;Pune;91,3;2026-03-14
dev-014;Pune;91,3;2026-03-15
dev-023;Pune;60,9;2026-03-16
dev-030;Pune;91,7;2026-03-17
dev-015;Pune;85,7;2026-03-18
dev-033;Pune;29,6;2026-03-19
dev-039;Pune;39,8;2026-03-20
dev-027;Pune;64,6;2026-03-21
dev-027;Pune;30,2;2026-03-22
dev-036;Pune;16,7;2026-03-23
dev-026;Pune;53,4;2026-03-24
dev-020;Pune;70,6;2026-03-25
dev-015;Pune;20,1;2026-03-26
dev-020;Pune;58,0;2026-03-27
dev-030;Pune;38,8;2026-03-28
dev-000;Pune;39,8;2026-03-01
dev-033;Pune;16,0;2026-03-02
dev-012;Pune;27,7;2026-03-03
dev-012;Pune;65,7;2026-03-04
dev-038;Pune;39,0;2026-03-05
dev-032;Pune;32,6;2026-03-06
dev-032;Pune;71,7;2026-03-07
dev-021;Pune;95,1;2026-03-08
dev-039;Pune;19,1;2026-03-09
dev-026;Pune;39,2;2026-03-10
dev-027;Pune;15,3;2026-03-11
dev-002;Pune;27,6;2026-03-12
dev-037;Pune;53,0;2026-03-13
dev-014;Pune;79,1;2026-03-14
dev-036;Pune;30,4;2026-03-15
dev-014;Pune;41,7;2026-03-16
dev-011;Pune;51,9;2026-03-17
dev-020;Pune;93,4;2026-03-18
dev-038;Pune;90,0;2026-03-19
dev-020;Pune;91,8;2026-03-20
dev-019;Pune;75,5;2026-03-21
dev-008;Pune;61,4;2026-03-22
dev-010;Pune;50,3;2026-03-23
dev-003;Pune;43,0;2026-03-24
dev-008;Pune;78,7;2026-03-25
dev-028;Pune;74,9;2026-03-26
dev-010;Pune;72,9;2026-03-27
dev-025;Pune;79,4;2026-03-28
dev-027;Pune;74,6;2026-03-01
dev-028;Pune;88,1;2026-03-02
dev-032;Pune;60,9;2026-03-03
dev-034;Pune;60,2;2026-03-04
dev-001;Pune;19,6;2026-03-05
dev-039;Pune;20,1;2026-03-06
dev-008;Pune;87,5;2026-03-07
dev-027;Pune;73,9;2026-03-08
dev-015;Pune;66,0;2026-03-09
dev-014;Pune;72,8;2026-03-10
dev-033;Pune;70,1;2026-03-11
dev-029;Pune;20,2;2026-03-12
dev-006;Pune;65,9;2026-03-13
dev-039;Pune;84,6;2026-03-14
dev-035;Pune;26,3;2026-03-15
dev-037;Pune;54,8;2026-03-16
dev-011;Pune;31,7;2026-03-17
dev-003;Pune;88,3;2026-03-18
dev-006;Pune;65,4;2026-03-19
dev-024;Pune;25,8;2026-03-20
dev-032;Pune;51,6;2026-03-21
dev-033;Pune;50,7;2026-03-22
dev-030;Pune;87,3;2026-03-23
dev-012;Pune;31,7;2026-03-24
dev-013;Pune;81,6;2026-03-25
dev-037;Pune;41,0;2026-03-26
dev-028;Pune;92,8;2026-03-27
dev-033;Pune;47,4;2026-03-28
dev-019;Pune;37,9;2026-03-01
dev-002;Pune;66,0;2026-03-02
dev-009;Pune;86,1;2026-03-03
dev-032;Pune;73,1;2026-03-04
dev-006;Pune;43,1;2026-03-05
dev-028;Pune;20,5;2026-03-06
dev-023;Pune;97,2;2026-03-07
dev-038;Pune;17,0;2026-03-08
dev-016;Pune;87,7;2026-03-09
dev-007;Pune;77,6;2026-03-10
dev-029;Pune;36,3;2026-03-11
dev-013;Pune;91,5;2026-03-12
dev-028;Pune;88,6;2026-03-13
dev-018;Pune;46,7;2026-03-14
dev-009;Pune;17,5;2026-03-15
dev-004;Pune;30,3;2026-03-16
dev-013;Pune;52,8;2026-03-17
dev-022;Pune;76,8;2026-03-18
dev-000;Pune;91,2;2026-03-19
dev-024;Pune;61,4;2026-03-20
dev-029;Pune;60,8;2026-03-21
dev-025;Pune;94,0;2026-03-22
dev-019;Pune;32,6;2026-03-23
dev-008;Pune;94,2;2026-03-24
dev-030;Pune;83,6;2026-03-25
dev-002;Pune;89,5;2026-03-26
dev-016;Pune;45,2;2026-03-27
dev-023;Pune;34,1;2026-03-28
dev-033;Pune;49,0;2026-03-01
dev-018;Pune;43,3;2026-03-02
dev-013;Pune;90,2;2026-03-03
dev-004;Pune;99,0;2026-03-04
dev-020;Pune;86,8;2026-03-05
dev-013;Pune;71,0;2026-03-06
dev-028;Pune;30,0;2026-03-07
dev-021;Pune;40,8;2026-03-08
dev-032;Pune;17,0;2026-03-09
dev-018;Pune;50,0;2026-03-10
dev-016;Pune;87,8;2026-03-11
dev-004;Pune;65,7;2026-03-12
dev-022;Pune;52,8;2026-03-13
dev-032;Pune;90,7;2026-03-14
dev-023;Pune;93,6;2026-03-15
dev-033;Pune;36,9;2026-03-16
dev-025;Pune;69,9;2026-03-17
dev-016;Pune;71,5;2026-03-18
dev-001;Pune;18,4;2026-03-19
dev-003;Pune;81,0;2026-03-20
dev-028;Pune;98,8;2026-03-21
dev-003;Pune;48,4;2026-03-22
dev-008;Pune;43,0;2026-03-23
dev-002;Pune;34,0;2026-03-24
dev-035;Pune;39,4;2026-03-25
dev-025;Pune;72,3;2026-03-26
dev-005;Pune;48,7;2026-03-27
dev-028;Pune;57,7;2026-03-28
dev-033;Pune;94,9;2026-03-01
dev-030;Pune;61,0;2026-03-02
dev-002;Pune;20,2;2026-03-03
dev-021;Pune;97,2;2026-03-04
dev-016;Pune;61,7;2026-03-05
dev-036;Pune;52,6;2026-03-06
dev-005;Pune;75,1;2026-03-07
dev-018;Pune;73,9;2026-03-08
dev-007;Pune;98,3;2026-03-09
dev-006;Pune;25,4;2026-03-10
dev-014;Pune;62,5;2026-03-11
dev-004;Pune;85,1;2026-03-12
dev-020;Pune;29,6;2026-03-13
dev-025;Pune;52,5;2026-03-14
dev-029;Pune;59,7;2026-03-15
dev-038;Pune;22,3;2026-03-16
dev-021;Pune;77,6;2026-03-17
dev-022;Pune;57,8;2026-03-18
dev-020;Pune;25,6;2026-03-19
dev-033;Pune;71,4;2026-03-20
dev-000;Pune;68,0;2026-03-21
dev-001;Pune;77,6;2026-03-22
dev-014;Pune;17,1;2026-03-23
dev-010;Pune;94,2;2026-03-24
dev-023;Pune;26,8;2026-03-25
dev-002;Pune;85,7;2026-03-26
dev-026;Pune;87,9;2026-03-27
dev-039;Pune;57,7;2026-03-28
dev-017;Pune;29,8;2026-03-01
dev-006;Pune;18,0;2026-03-02
dev-012;Pune;15,6;2026-03-03
dev-017;Pune;53,9;2026-03-04
dev-010;Pune;97,5;2026-03-05
dev-013;Pune;83,7;2026-03-06
dev-011;Pune;82,8;2026-03-07
dev-022;Pune;26,9;2026-03-08
dev-026;Pune;45,9;2026-03-09
dev-037;Pune;31,8;2026-03-10
dev-009;Pune;38,0;2026-03-11
dev-038;Pune;55,2;2026-03-12
dev-008;Pune;84,8;2026-03-13
dev-011;Pune;24,7;2026-03-14
dev-002;Pune;19,8;2026-03-15
dev-019;Pune;40,9;2026-03-16
dev-024;Pune;53,9;2026-03-17
dev-020;Pune;31,7;2026-03-18
dev-004;Pune;38,9;2026-03-19
dev-000;Pune;74,1;2026-03-20
dev-015;Pune;59,5;2026-03-21
dev-011;Pune;38,7;2026-03-22
dev-005;Pune;25,0;2026-03-23
dev-038;Pune;80,2;2026-03-24
dev-031;Pune;41,8;2026-03-25
dev-022;Pune;83,7;2026-03-26
dev-032;Pune;60,4;2026-03-27
dev-025;Pune;20,0;2026-03-28
dev-000;Pune;63,8;2026-03-01
dev-013;Pune;66,1;2026-03-02
dev-011;Pune;82,7;2026-03-03
dev-032;Pune;75,6;2026-03-04
dev-029;Pune;85,3;2026-03-05
dev-009;Pune;21,1;2026-03-06
dev-008;Pune;63,6;2026-03-07
dev-002;Pune;48,0;2026-03-08
dev-027;Pune;22,1;2026-03-09
dev-024;Pune;54,6;2026-03-10
dev-039;Pune;73,1;2026-03-11
dev-007;Pune;22,3;2026-03-12
dev-033;Pune;44,6;2026-03-13
dev-002;Pune;74,1;2026-03-14
dev-034;Pune;66,3;2026-03-15
dev-003;Pune;81,5;2026-03-16
dev-036;Pune;67,0;2026-03-17
dev-018;Pune;46,2;2026-03-18
dev-002;Pune;60,7;2026-03-19
dev-023;Pune;58,2;2026-03-20
dev-007;Pune;62,6;2026-03-21
dev-038;Pune;92,1;2026-03-22
dev-037;Pune;63,6;2026-03-23
dev-035;Pune;90,2;2026-03-24
dev-020;Pune;88,2;2026-03-25
dev-011;Pune;24,6;2026-03-26
dev-033;Pune;80,1;2026-03-27
dev-000;Pune;34,0;2026-03-28
dev-016;Pune;60,0;2026-03-01
dev-035;Pune;42,1;2026-03-02
dev-027;Pune;63,4;2026-03-03
dev-029;Pune;34,0;2026-03-04
dev-018;Pune;74,3;2026-03-05
dev-013;Pune;91,2;2026-03-06
dev-028;Pune;18,6;2026-03-07
dev-031;Pune;19,9;2026-03-08
dev-029;Pune;69,9;2026-03-09
dev-033;Pune;80,5;2026-03-10
dev-006;Pune;31,5;2026-03-11
dev-034;Pune;45,3;2026-03-12
dev-022;Pune;67,5;2026-03-13
dev-022;Pune;24,9;2026-03-14
dev-001;Pune;80,9;2026-03-15
dev-039;Pune;70,8;2026-03-16
dev-023;Pune;24,5;2026-03-17
dev-008;Pune;42,2;2026-03-18
dev-027;Pune;24,4;2026-03-19
dev-017;Pune;95,3;2026-03-20
dev-023;Pune;47,3;2026-03-21
dev-031;Pune;48,4;2026-03-22
dev-033;Pune;27,5;2026-03-23
dev-000;Pune;16,3;2026-03-24
dev-003;Pune;22,7;2026-03-25
dev-006;Pune;41,0;2026-03-26
dev-005;Pune;91,8;2026-03-27
dev-000;Pune;85,9;2026-03-28
dev-015;Pune;85,9;2026-03-01
dev-006;Pune;76,0;2026-03-02
dev-035;Pune;69,4;2026-03-03
dev-013;Pune;85,9;2026-03-04
dev-009;Pune;94,9;2026-03-05
dev-007;Pune;43,2;2026-03-06
dev-018;Pune;63,5;2026-03-07
dev-002;Pune;43,0;2026-03-08
dev-016;Pune;69,5;2026-03-09
dev-012;Pune;33,0;2026-03-10
dev-026;Pune;88,9;2026-03-11
dev-036;Pune;60,0;2026-03-12
dev-018;Pune;75,5;2026-03-13
dev-033;Pune;27,1;2026-03-14
dev-019;Pune;30,9;2026-03-15
dev-025;Pune;17,0;2026-03-16
dev-015;Pune;73,1;2026-03-17
dev-020;Pune;68,8;2026-03-18
dev-030;Pune;78,8;2026-03-19
dev-007;Pune;88,5;2026-03-20
dev-013;Pune;40,0;2026-03-21
dev-012;Pune;47,9;2026-03-22
dev-035;Pune;48,5;2026-03-23
dev-017;Pune;55,3;2026-03-24
dev-017;Pune;76,5;2026-03-25
dev-011;Pune;25,2;2026-03-26
dev-024;Pune;81,9;2026-03-27
dev-006;Pune;43,7;2026-03-28
dev-032;Pune;82,8;2026-03-01
dev-034;Pune;31,7;2026-03-02
dev-002;Pune;28,6;2026-03-03
dev-015;Pune;38,1;2026-03-04
dev-005;Pune;90,3;2026-03-05
dev-014;Pune;26,5;2026-03-06
dev-026;Pune;44,9;2026-03-07
dev-032;Pune;47,2;2026-03-08
dev-021;Pune;38,5;2026-03-09
dev-017;Pune;20,9;2026-03-10
dev-021;Pune;80,3;2026-03-11
dev-021;Pune;86,8;2026-03-12
dev-032;Pune;41,0;2026-03-13
dev-025;Pune;16,4;2026-03-14
dev-026;Pune;49,6;2026-03-15
dev-029;Pune;82,2;2026-03-16
dev-034;Pune;95,0;2026-03-17
dev-018;Pune;89,5;2026-03-18
dev-013;Pune;17,9;2026-03-19
dev-013;Pune;60,7;2026-03-20
dev-033;Pune;46,7;2026-03-21
dev-029;Pune;39,0;2026-03-22
dev-036;Pune;22,5;2026-03-23
dev-029;Pune;16,1;2026-03-24
dev-010;Pune;64,0;2026-03-25
dev-033;Pune;78,7;2026-03-26
dev-023;Pune;58,7;2026-03-27
dev-031;Pune;44,9;2026-03-28
dev-015;Pune;56,1;2026-03-01
dev-016;Pune;98,9;2026-03-02
dev-004;Pune;46,1;2026-03-03
dev-038;Pune;79,7;2026-03-04
dev-028;Pune;75,5;2026-03-05
dev-030;Pune;98,9;2026-03-06
dev-028;Pune;43,1;2026-03-07
dev-003;Pune;41,0;2026-03-08
dev-038;Pune;72,3;2026-03-09
dev-026;Pune;55,4;2026-03-10
dev-013;Pune;53,9;2026-03-11
dev-031;Pune;87,6;2026-03-12
dev-034;Pune;84,1;2026-03-13
dev-016;Pune;31,0;2026-03-14
dev-030;Pune;73,7;2026-03-15
dev-022;Pune;41,7;2026-03-16
dev-000;Pune;92,1;2026-03-17
dev-015;Pune;72,2;2026-03-18
dev-032;Pune;23,1;2026-03-19
dev-001;Pune;89,2;2026-03-20
dev-009;Pune;98,6;2026-03-21
dev-038;Pune;56,4;2026-03-22
dev-005;Pune;82,4;2026-03-23
dev-030;Pune;57,8;2026-03-24
dev-022;Pune;40,7;2026-03-25
dev-008;Pune;65,4;2026-03-26
dev-023;Pune;29,7;2026-03-27
dev-015;Pune;49,5;2026-03-28
dev-034;Pune;75,1;2026-03-01
dev-001;Pune;32,3;2026-03-02
dev-002;Pune;58,0;2026-03-03
dev-015;Pune;72,4;2026-03-04
dev-020;Pune;31,0;2026-03-05
dev-019;Pune;87,3;2026-03-06
dev-003;Pune;23,2;2026-03-07
dev-019;Pune;62,1;2026-03-08
dev-014;Pune;62,8;2026-03-09
dev-017;Pune;45,0;2026-03-10
dev-034;Pune;40,6;2026-03-11
dev-025;Pune;71,4;2026-03-12
dev-023;Pune;98,0;2026-03-13
dev-036;Pune;46,6;2026-03-14
dev-001;Pune;64,4;2026-03-15
dev-000;Pune;48,0;2026-03-16
